insert into hotel(id, name, stars, ville) values (0, 'Hotel 0', 4, 'Sete');
insert into chambre(id, name, lits, prix, hotel) values (0, 'Chambre 0', 3, 41, 0);
insert into chambre(id, name, lits, prix, hotel) values (1, 'Chambre 1', 4, 33, 0);
insert into chambre(id, name, lits, prix, hotel) values (2, 'Chambre 2', 4, 37, 0);
insert into chambre(id, name, lits, prix, hotel) values (3, 'Chambre 3', 5, 57, 0);
insert into chambre(id, name, lits, prix, hotel) values (4, 'Chambre 4', 5, 34, 0);
insert into chambre(id, name, lits, prix, hotel) values (5, 'Chambre 5', 5, 58, 0);
insert into chambre(id, name, lits, prix, hotel) values (6, 'Chambre 6', 4, 32, 0);
insert into chambre(id, name, lits, prix, hotel) values (7, 'Chambre 7', 3, 48, 0);
insert into chambre(id, name, lits, prix, hotel) values (8, 'Chambre 8', 2, 64, 0);
insert into chambre(id, name, lits, prix, hotel) values (9, 'Chambre 9', 2, 59, 0);
insert into chambre(id, name, lits, prix, hotel) values (10, 'Chambre 10', 5, 40, 0);
insert into chambre(id, name, lits, prix, hotel) values (11, 'Chambre 11', 4, 61, 0);
insert into partenaire(id, nom, mdp, reduc, hotel) values (0, 'Agence 0', '123', 30, 0);
insert into partenaire(id, nom, mdp, reduc, hotel) values (1, 'Agence 1', '123', 36, 0);


insert into hotel(id, name, stars, ville) values (1, 'Hotel 1', 2, 'Sete');
insert into chambre(id, name, lits, prix, hotel) values (12, 'Chambre 0', 4, 31, 1);
insert into chambre(id, name, lits, prix, hotel) values (13, 'Chambre 1', 5, 26, 1);
insert into chambre(id, name, lits, prix, hotel) values (14, 'Chambre 2', 2, 39, 1);
insert into chambre(id, name, lits, prix, hotel) values (15, 'Chambre 3', 2, 30, 1);
insert into chambre(id, name, lits, prix, hotel) values (16, 'Chambre 4', 2, 30, 1);
insert into chambre(id, name, lits, prix, hotel) values (17, 'Chambre 5', 4, 52, 1);
insert into chambre(id, name, lits, prix, hotel) values (18, 'Chambre 6', 5, 62, 1);
insert into chambre(id, name, lits, prix, hotel) values (19, 'Chambre 7', 5, 34, 1);
insert into chambre(id, name, lits, prix, hotel) values (20, 'Chambre 8', 3, 64, 1);
insert into chambre(id, name, lits, prix, hotel) values (21, 'Chambre 9', 3, 26, 1);
insert into chambre(id, name, lits, prix, hotel) values (22, 'Chambre 10', 2, 49, 1);
insert into chambre(id, name, lits, prix, hotel) values (23, 'Chambre 11', 4, 26, 1);
insert into partenaire(id, nom, mdp, reduc, hotel) values (2, 'Agence 0', '123', 71, 1);
insert into partenaire(id, nom, mdp, reduc, hotel) values (3, 'Agence 1', '123', 67, 1);


insert into hotel(id, name, stars, ville) values (2, 'Hotel 2', 0, 'Sete');
insert into chambre(id, name, lits, prix, hotel) values (24, 'Chambre 0', 2, 61, 2);
insert into chambre(id, name, lits, prix, hotel) values (25, 'Chambre 1', 2, 23, 2);
insert into chambre(id, name, lits, prix, hotel) values (26, 'Chambre 2', 2, 30, 2);
insert into chambre(id, name, lits, prix, hotel) values (27, 'Chambre 3', 3, 27, 2);
insert into chambre(id, name, lits, prix, hotel) values (28, 'Chambre 4', 2, 26, 2);
insert into chambre(id, name, lits, prix, hotel) values (29, 'Chambre 5', 4, 35, 2);
insert into chambre(id, name, lits, prix, hotel) values (30, 'Chambre 6', 5, 44, 2);
insert into chambre(id, name, lits, prix, hotel) values (31, 'Chambre 7', 2, 47, 2);
insert into chambre(id, name, lits, prix, hotel) values (32, 'Chambre 8', 4, 38, 2);
insert into chambre(id, name, lits, prix, hotel) values (33, 'Chambre 9', 4, 28, 2);
insert into chambre(id, name, lits, prix, hotel) values (34, 'Chambre 10', 5, 34, 2);
insert into chambre(id, name, lits, prix, hotel) values (35, 'Chambre 11', 4, 22, 2);
insert into partenaire(id, nom, mdp, reduc, hotel) values (4, 'Agence 0', '123', 43, 2);
insert into partenaire(id, nom, mdp, reduc, hotel) values (5, 'Agence 1', '123', 26, 2);


insert into hotel(id, name, stars, ville) values (3, 'Hotel 3', 1, 'Toulouse');
insert into chambre(id, name, lits, prix, hotel) values (36, 'Chambre 0', 3, 46, 3);
insert into chambre(id, name, lits, prix, hotel) values (37, 'Chambre 1', 5, 24, 3);
insert into chambre(id, name, lits, prix, hotel) values (38, 'Chambre 2', 4, 64, 3);
insert into chambre(id, name, lits, prix, hotel) values (39, 'Chambre 3', 2, 34, 3);
insert into chambre(id, name, lits, prix, hotel) values (40, 'Chambre 4', 3, 45, 3);
insert into chambre(id, name, lits, prix, hotel) values (41, 'Chambre 5', 2, 42, 3);
insert into chambre(id, name, lits, prix, hotel) values (42, 'Chambre 6', 4, 42, 3);
insert into chambre(id, name, lits, prix, hotel) values (43, 'Chambre 7', 3, 52, 3);
insert into chambre(id, name, lits, prix, hotel) values (44, 'Chambre 8', 5, 60, 3);
insert into chambre(id, name, lits, prix, hotel) values (45, 'Chambre 9', 2, 36, 3);
insert into chambre(id, name, lits, prix, hotel) values (46, 'Chambre 10', 2, 56, 3);
insert into chambre(id, name, lits, prix, hotel) values (47, 'Chambre 11', 2, 52, 3);
insert into partenaire(id, nom, mdp, reduc, hotel) values (6, 'Agence 0', '123', 10, 3);
insert into partenaire(id, nom, mdp, reduc, hotel) values (7, 'Agence 1', '123', 51, 3);


insert into hotel(id, name, stars, ville) values (4, 'Hotel 4', 0, 'Montpellier');
insert into chambre(id, name, lits, prix, hotel) values (48, 'Chambre 0', 4, 29, 4);
insert into chambre(id, name, lits, prix, hotel) values (49, 'Chambre 1', 2, 28, 4);
insert into chambre(id, name, lits, prix, hotel) values (50, 'Chambre 2', 3, 27, 4);
insert into chambre(id, name, lits, prix, hotel) values (51, 'Chambre 3', 3, 61, 4);
insert into chambre(id, name, lits, prix, hotel) values (52, 'Chambre 4', 3, 60, 4);
insert into chambre(id, name, lits, prix, hotel) values (53, 'Chambre 5', 4, 49, 4);
insert into chambre(id, name, lits, prix, hotel) values (54, 'Chambre 6', 4, 37, 4);
insert into chambre(id, name, lits, prix, hotel) values (55, 'Chambre 7', 4, 23, 4);
insert into chambre(id, name, lits, prix, hotel) values (56, 'Chambre 8', 3, 45, 4);
insert into chambre(id, name, lits, prix, hotel) values (57, 'Chambre 9', 4, 28, 4);
insert into chambre(id, name, lits, prix, hotel) values (58, 'Chambre 10', 2, 30, 4);
insert into chambre(id, name, lits, prix, hotel) values (59, 'Chambre 11', 5, 63, 4);
insert into partenaire(id, nom, mdp, reduc, hotel) values (8, 'Agence 0', '123', 16, 4);
insert into partenaire(id, nom, mdp, reduc, hotel) values (9, 'Agence 1', '123', 64, 4);


insert into hotel(id, name, stars, ville) values (5, 'Hotel 5', 4, 'Perpignan');
insert into chambre(id, name, lits, prix, hotel) values (60, 'Chambre 0', 2, 48, 5);
insert into chambre(id, name, lits, prix, hotel) values (61, 'Chambre 1', 5, 64, 5);
insert into chambre(id, name, lits, prix, hotel) values (62, 'Chambre 2', 4, 25, 5);
insert into chambre(id, name, lits, prix, hotel) values (63, 'Chambre 3', 4, 47, 5);
insert into chambre(id, name, lits, prix, hotel) values (64, 'Chambre 4', 5, 39, 5);
insert into chambre(id, name, lits, prix, hotel) values (65, 'Chambre 5', 5, 44, 5);
insert into chambre(id, name, lits, prix, hotel) values (66, 'Chambre 6', 4, 46, 5);
insert into chambre(id, name, lits, prix, hotel) values (67, 'Chambre 7', 5, 40, 5);
insert into chambre(id, name, lits, prix, hotel) values (68, 'Chambre 8', 5, 64, 5);
insert into chambre(id, name, lits, prix, hotel) values (69, 'Chambre 9', 2, 63, 5);
insert into chambre(id, name, lits, prix, hotel) values (70, 'Chambre 10', 2, 41, 5);
insert into chambre(id, name, lits, prix, hotel) values (71, 'Chambre 11', 4, 53, 5);
insert into partenaire(id, nom, mdp, reduc, hotel) values (10, 'Agence 0', '123', 86, 5);
insert into partenaire(id, nom, mdp, reduc, hotel) values (11, 'Agence 1', '123', 88, 5);


insert into hotel(id, name, stars, ville) values (6, 'Hotel 6', 1, 'Sete');
insert into chambre(id, name, lits, prix, hotel) values (72, 'Chambre 0', 5, 27, 6);
insert into chambre(id, name, lits, prix, hotel) values (73, 'Chambre 1', 3, 42, 6);
insert into chambre(id, name, lits, prix, hotel) values (74, 'Chambre 2', 4, 37, 6);
insert into chambre(id, name, lits, prix, hotel) values (75, 'Chambre 3', 3, 40, 6);
insert into chambre(id, name, lits, prix, hotel) values (76, 'Chambre 4', 4, 53, 6);
insert into chambre(id, name, lits, prix, hotel) values (77, 'Chambre 5', 5, 32, 6);
insert into chambre(id, name, lits, prix, hotel) values (78, 'Chambre 6', 5, 60, 6);
insert into chambre(id, name, lits, prix, hotel) values (79, 'Chambre 7', 4, 59, 6);
insert into chambre(id, name, lits, prix, hotel) values (80, 'Chambre 8', 3, 47, 6);
insert into chambre(id, name, lits, prix, hotel) values (81, 'Chambre 9', 4, 64, 6);
insert into chambre(id, name, lits, prix, hotel) values (82, 'Chambre 10', 4, 45, 6);
insert into chambre(id, name, lits, prix, hotel) values (83, 'Chambre 11', 4, 37, 6);
insert into partenaire(id, nom, mdp, reduc, hotel) values (12, 'Agence 0', '123', 36, 6);
insert into partenaire(id, nom, mdp, reduc, hotel) values (13, 'Agence 1', '123', 31, 6);


insert into client(id, name, surname, card) values (0, 'Gauvin', 'Paul', '69748');
insert into reservation(id, chambre, client, debut, fin) values (0, 14, 0, '10-1-1', '23-1-1');
insert into reservation(id, chambre, client, debut, fin) values (1, 46, 0, '15-1-1', '20-1-1');
insert into reservation(id, chambre, client, debut, fin) values (2, 73, 0, '10-1-1', '20-1-1');


insert into client(id, name, surname, card) values (1, 'Caradoc', 'Christophe', '95968');
insert into reservation(id, chambre, client, debut, fin) values (3, 46, 1, '20-1-1', '23-1-1');
insert into reservation(id, chambre, client, debut, fin) values (4, 40, 1, '5-1-1', '24-1-1');
insert into reservation(id, chambre, client, debut, fin) values (5, 30, 1, '12-1-1', '21-1-1');


insert into client(id, name, surname, card) values (2, 'Yvain', 'Estelle', '75163');
insert into reservation(id, chambre, client, debut, fin) values (6, 14, 2, '13-1-1', '20-1-1');
insert into reservation(id, chambre, client, debut, fin) values (7, 19, 2, '16-1-1', '24-1-1');
insert into reservation(id, chambre, client, debut, fin) values (8, 62, 2, '16-1-1', '21-1-1');


insert into client(id, name, surname, card) values (3, 'Yvain', 'Jean', '82931');
insert into reservation(id, chambre, client, debut, fin) values (9, 71, 3, '10-1-1', '24-1-1');
insert into reservation(id, chambre, client, debut, fin) values (10, 39, 3, '16-1-1', '23-1-1');
insert into reservation(id, chambre, client, debut, fin) values (11, 15, 3, '4-1-1', '22-1-1');


insert into client(id, name, surname, card) values (4, 'Gauvin', 'Jean', '72544');
insert into reservation(id, chambre, client, debut, fin) values (12, 80, 4, '18-1-1', '21-1-1');
insert into reservation(id, chambre, client, debut, fin) values (13, 83, 4, '4-1-1', '20-1-1');
insert into reservation(id, chambre, client, debut, fin) values (14, 56, 4, '13-1-1', '22-1-1');


insert into client(id, name, surname, card) values (5, 'Caradoc', 'Virginie', '83112');
insert into reservation(id, chambre, client, debut, fin) values (15, 57, 5, '20-1-1', '21-1-1');
insert into reservation(id, chambre, client, debut, fin) values (16, 9, 5, '15-1-1', '24-1-1');
insert into reservation(id, chambre, client, debut, fin) values (17, 58, 5, '10-1-1', '23-1-1');


insert into client(id, name, surname, card) values (6, 'Provencal', 'Paul', '88579');
insert into reservation(id, chambre, client, debut, fin) values (18, 73, 6, '20-1-1', '21-1-1');
insert into reservation(id, chambre, client, debut, fin) values (19, 48, 6, '1-1-1', '20-1-1');
insert into reservation(id, chambre, client, debut, fin) values (20, 11, 6, '16-1-1', '20-1-1');
